0.000000000000000000e+00;8.000000000000000000e+00;0.000000000000000000e+00
2.000000000000000042e-02;7.709203709589759868e+00;0.000000000000000000e+00
4.000000000000000083e-02;7.175064768424467054e+00;0.000000000000000000e+00
5.999999999999999778e-02;7.018885667122202854e+00;6.300000000000000044e-01
8.000000000000000167e-02;7.422331618876182091e+00;1.629999999999999893e+00
1.000000000000000056e-01;7.916120279082060840e+00;2.259999999999999787e+00
1.200000000000000094e-01;7.925884005201791815e+00;2.649999999999999911e+00
1.400000000000000133e-01;7.440265775890577693e+00;2.939999999999999947e+00
1.600000000000000033e-01;7.024129509705578478e+00;3.149999999999999911e+00
1.799999999999999933e-01;7.161518736693858855e+00;3.330000000000000071e+00
1.999999999999999833e-01;7.692624346653329503e+00;3.430000000000000160e+00
2.199999999999999734e-01;7.999672174814862480e+00;3.450000000000000178e+00
2.399999999999999634e-01;7.725508743546879664e+00;3.450000000000000178e+00
2.599999999999999534e-01;7.189036887964870282e+00;3.479999999999999982e+00
2.799999999999999711e-01;7.014272710119819010e+00;3.500000000000000000e+00
2.999999999999999889e-01;7.404499308467471508e+00;3.549999999999999822e+00
3.200000000000000067e-01;7.905810894132211608e+00;3.560000000000000053e+00
3.400000000000000244e-01;7.935089269310113380e+00;3.520000000000000018e+00
3.600000000000000422e-01;7.458278262437283423e+00;3.500000000000000000e+00
3.800000000000000600e-01;7.029997361615284213e+00;3.520000000000000018e+00
4.000000000000000777e-01;7.148416555694487862e+00;3.540000000000000036e+00
4.200000000000000955e-01;7.675792395268484114e+00;3.549999999999999822e+00
4.400000000000001132e-01;7.998689129136856479e+00;3.529999999999999805e+00
4.600000000000001310e-01;7.741518067721585794e+00;3.500000000000000000e+00
4.800000000000001488e-01;7.203416773664369721e+00;3.479999999999999982e+00
5.000000000000001110e-01;7.010296687672361138e+00;3.509999999999999787e+00
5.200000000000001288e-01;7.386792228186290110e+00;3.560000000000000053e+00
5.400000000000001465e-01;7.894969369056362041e+00;3.589999999999999858e+00
5.600000000000001643e-01;7.943724000537381258e+00;3.549999999999999822e+00
5.800000000000001821e-01;7.476345458729353410e+00;3.529999999999999805e+00
6.000000000000001998e-01;7.036481528332764412e+00;3.540000000000000036e+00
6.200000000000002176e-01;7.135775406326000159e+00;3.549999999999999822e+00
6.400000000000002354e-01;7.658729927185539132e+00;3.569999999999999840e+00
6.600000000000002531e-01;7.997052152034509476e+00;3.520000000000000018e+00
6.800000000000002709e-01;7.757210689075232146e+00;3.479999999999999982e+00
7.000000000000002887e-01;7.218185569168197979e+00;3.479999999999999982e+00
7.200000000000003064e-01;7.006962813541008472e+00;3.500000000000000000e+00
7.400000000000003242e-01;7.369233597340125286e+00;3.529999999999999805e+00
7.600000000000003419e-01;7.883609920354374800e+00;3.529999999999999805e+00
7.800000000000003597e-01;7.951776876154145413e+00;3.500000000000000000e+00
8.000000000000003775e-01;7.494443673238908588e+00;3.509999999999999787e+00
8.200000000000003952e-01;7.043573507165401537e+00;3.529999999999999805e+00
8.400000000000004130e-01;7.123611864936923332e+00;3.560000000000000053e+00
8.600000000000004308e-01;7.641459316431529203e+00;3.569999999999999840e+00
8.800000000000004485e-01;7.994763390077107346e+00;3.540000000000000036e+00
9.000000000000004663e-01;7.772566029861816439e+00;3.490000000000000213e+00
9.200000000000004841e-01;7.233323908143874270e+00;3.490000000000000213e+00
9.400000000000005018e-01;7.004275459437379503e+00;3.520000000000000018e+00
9.600000000000005196e-01;7.351846440574607122e+00;3.569999999999999840e+00
9.800000000000005373e-01;7.871747443679743661e+00;3.580000000000000071e+00
1.000000000000000444e+00;7.959237336418644837e+00;3.549999999999999822e+00
1.020000000000000462e+00;7.512549173763860111e+00;3.520000000000000018e+00
1.040000000000000480e+00;7.051263998396099630e+00;3.549999999999999822e+00
1.060000000000000497e+00;7.111941881588089487e+00;3.549999999999999822e+00
1.080000000000000515e+00;7.624003209971124129e+00;3.569999999999999840e+00
1.100000000000000533e+00;7.991825844519898858e+00;3.529999999999999805e+00
1.120000000000000551e+00;7.787563954611592898e+00;3.490000000000000213e+00
1.140000000000000568e+00;7.248811939676287786e+00;3.490000000000000213e+00
1.160000000000000586e+00;7.002238149290898939e+00;3.520000000000000018e+00
1.180000000000000604e+00;7.334653557681278357e+00;3.560000000000000053e+00
1.200000000000000622e+00;7.859397494306917586e+00;3.560000000000000053e+00
1.220000000000000639e+00;7.966095598423809321e+00;3.509999999999999787e+00
1.240000000000000657e+00;7.530638218547962559e+00;3.479999999999999982e+00
1.260000000000000675e+00;7.059542917478013102e+00;3.509999999999999787e+00
1.280000000000000693e+00;7.100780759137306219e+00;3.520000000000000018e+00
1.300000000000000711e+00;7.606384498009653328e+00;3.549999999999999822e+00
1.320000000000000728e+00;7.988243367368549563e+00;3.549999999999999822e+00
1.340000000000000746e+00;7.802184796534732847e+00;3.520000000000000018e+00
1.360000000000000764e+00;7.264629354298222097e+00;3.520000000000000018e+00
1.380000000000000782e+00;7.000853554627871844e+00;3.560000000000000053e+00
1.400000000000000799e+00;7.317677493700210256e+00;3.580000000000000071e+00
1.420000000000000817e+00;7.846576266733654492e+00;3.569999999999999840e+00
1.440000000000000835e+00;7.972342668925592513e+00;3.529999999999999805e+00
1.460000000000000853e+00;7.548687087413393115e+00;3.490000000000000213e+00
1.480000000000000870e+00;7.068399408258418504e+00;3.500000000000000000e+00
1.500000000000000888e+00;7.090143133172708723e+00;3.549999999999999822e+00
1.520000000000000906e+00;7.588626283977159659e+00;3.540000000000000036e+00
1.540000000000000924e+00;7.984020656328000065e+00;3.529999999999999805e+00
1.560000000000000941e+00;7.816409383310392478e+00;3.490000000000000213e+00
1.580000000000000959e+00;7.280755410622169244e+00;3.479999999999999982e+00
1.600000000000000977e+00;7.000123491068303672e+00;3.509999999999999787e+00
1.620000000000000995e+00;7.300940509356672159e+00;3.549999999999999822e+00
1.640000000000001013e+00;7.833300573445166393e+00;3.560000000000000053e+00
1.660000000000001030e+00;7.977970356135820396e+00;3.540000000000000036e+00
1.680000000000001048e+00;7.566672112865043154e+00;3.520000000000000018e+00
1.700000000000001066e+00;7.077821857214396495e+00;3.549999999999999822e+00
1.720000000000001084e+00;7.080042952821101743e+00;3.569999999999999840e+00
1.740000000000001101e+00;7.570751854232853795e+00;3.580000000000000071e+00
1.760000000000001119e+00;7.979163248642366035e+00;3.549999999999999822e+00
1.780000000000001137e+00;7.830219062227400606e+00;3.509999999999999787e+00
1.800000000000001155e+00;7.297168962538529868e+00;3.490000000000000213e+00
1.820000000000001172e+00;7.000048915945082939e+00;3.509999999999999787e+00
1.840000000000001190e+00;7.284464551870628135e+00;3.549999999999999822e+00
1.860000000000001208e+00;7.819587822867893223e+00;3.549999999999999822e+00
1.880000000000001226e+00;7.982971280464085773e+00;3.529999999999999805e+00
1.900000000000001243e+00;7.584569711125719316e+00;3.500000000000000000e+00
1.920000000000001261e+00;7.087797908681653603e+00;3.509999999999999787e+00
1.940000000000001279e+00;7.070493462456460598e+00;3.549999999999999822e+00
1.960000000000001297e+00;7.552784647529697359e+00;3.569999999999999840e+00
1.980000000000001315e+00;7.973677513833942854e+00;3.549999999999999822e+00
2.000000000000001332e+00;7.843595724643565248e+00;3.520000000000000018e+00
2.020000000000001350e+00;7.313848486944519500e+00;3.500000000000000000e+00
2.040000000000001368e+00;7.000629927048621859e+00;3.540000000000000036e+00
2.060000000000001386e+00;7.268271226177330568e+00;3.560000000000000053e+00
2.080000000000001403e+00;7.805455996541822650e+00;3.600000000000000089e+00
2.100000000000001421e+00;7.987338884194613797e+00;3.560000000000000053e+00
2.120000000000001439e+00;7.602356413061568396e+00;3.509999999999999787e+00
2.140000000000001457e+00;7.098314481056513969e+00;3.540000000000000036e+00
2.160000000000001474e+00;7.061507184332571185e+00;3.589999999999999858e+00
2.180000000000001492e+00;7.534748224279145923e+00;3.609999999999999876e+00
2.200000000000001510e+00;7.967570645350845915e+00;3.589999999999999858e+00
2.220000000000001528e+00;7.856521829731554440e+00;3.540000000000000036e+00
2.240000000000001545e+00;7.330772111967434057e+00;3.500000000000000000e+00
2.260000000000001563e+00;7.001865762498631796e+00;3.520000000000000018e+00
2.280000000000001581e+00;7.252381766596754709e+00;3.549999999999999822e+00
2.300000000000001599e+00;7.790923625541280373e+00;3.569999999999999840e+00
2.320000000000001616e+00;7.991067440085397600e+00;3.540000000000000036e+00
2.340000000000001634e+00;7.620008894957169154e+00;3.500000000000000000e+00
2.360000000000001652e+00;7.109357783949833198e+00;3.500000000000000000e+00
2.380000000000001670e+00;7.053095902162592523e+00;3.529999999999999805e+00
2.400000000000001688e+00;7.516666235656364492e+00;3.549999999999999822e+00
2.420000000000001705e+00;7.960850651134241396e+00;3.540000000000000036e+00
2.440000000000001723e+00;7.868980427480194884e+00;3.509999999999999787e+00
2.460000000000001741e+00;7.347917645645247298e+00;3.500000000000000000e+00
2.480000000000001759e+00;7.003754801743170333e+00;3.540000000000000036e+00
2.500000000000001776e+00;7.236817008989014255e+00;3.549999999999999822e+00
2.520000000000001794e+00;7.776009766175122628e+00;3.589999999999999858e+00
2.540000000000001812e+00;7.994152058878337463e+00;3.569999999999999840e+00
2.560000000000001830e+00;7.637504009099940205e+00;3.529999999999999805e+00
2.580000000000001847e+00;7.120913336270349170e+00;3.529999999999999805e+00
2.600000000000001865e+00;7.045270645667064180e+00;3.569999999999999840e+00
2.620000000000001883e+00;7.498562392586423542e+00;3.580000000000000071e+00
2.640000000000001901e+00;7.953526343117520270e+00;3.560000000000000053e+00
2.660000000000001918e+00;7.880955180921031200e+00;3.520000000000000018e+00
2.680000000000001936e+00;7.365262605026950737e+00;3.529999999999999805e+00
2.700000000000001954e+00;7.006294567683679198e+00;3.549999999999999822e+00
2.720000000000001972e+00;7.221597363432286976e+00;3.560000000000000053e+00
2.740000000000001990e+00;7.760733974998179185e+00;3.569999999999999840e+00
2.760000000000002007e+00;7.996588695710524775e+00;3.540000000000000036e+00
2.780000000000002025e+00;7.654818814133750315e+00;3.500000000000000000e+00
2.800000000000002043e+00;7.132965985213747473e+00;3.509999999999999787e+00
2.820000000000002061e+00;7.038041676110622369e+00;3.549999999999999822e+00
2.840000000000002078e+00;7.480460434652149715e+00;3.569999999999999840e+00
2.860000000000002096e+00;7.945607325671210752e+00;3.549999999999999822e+00
2.880000000000002114e+00;7.892430387551008231e+00;3.509999999999999787e+00
2.900000000000002132e+00;7.382784245654462119e+00;3.490000000000000213e+00
2.920000000000002149e+00;7.009481729923197513e+00;3.520000000000000018e+00
2.940000000000002167e+00;7.206742787459061717e+00;3.569999999999999840e+00
2.960000000000002185e+00;7.745116283166734839e+00;3.600000000000000089e+00
2.980000000000002203e+00;7.998374155418278342e+00;3.580000000000000071e+00
3.000000000000002220e+00;7.671930605141935366e+00;3.549999999999999822e+00
3.020000000000002238e+00;7.145499926132542257e+00;3.549999999999999822e+00
3.040000000000002256e+00;7.031418472846400647e+00;3.549999999999999822e+00
3.060000000000002274e+00;7.462384098964386148e+00;3.569999999999999840e+00
3.080000000000002292e+00;7.937103983008752195e+00;3.569999999999999840e+00
3.100000000000002309e+00;7.903390999923176174e+00;3.529999999999999805e+00
3.120000000000002327e+00;7.400459591387451574e+00;3.509999999999999787e+00
3.140000000000002345e+00;7.013312109133521766e+00;3.540000000000000036e+00
3.160000000000002363e+00;7.192272759885813826e+00;3.569999999999999840e+00
3.180000000000002380e+00;7.729177170171651845e+00;3.580000000000000071e+00
3.200000000000002398e+00;7.999506096726959115e+00;3.549999999999999822e+00
3.220000000000002416e+00;7.688816943420273553e+00;3.509999999999999787e+00
3.240000000000002434e+00;7.158498723260724894e+00;3.500000000000000000e+00
3.260000000000002451e+00;7.025409720885743781e+00;3.560000000000000053e+00
3.280000000000002469e+00;7.444357089035507080e+00;3.580000000000000071e+00
3.300000000000002487e+00;7.928027465569677190e+00;3.589999999999999858e+00
3.320000000000002505e+00;7.913822645378412624e+00;3.549999999999999822e+00
3.340000000000002522e+00;7.418265464531969222e+00;3.509999999999999787e+00
3.360000000000002540e+00;7.017780682535556203e+00;3.569999999999999840e+00
3.380000000000002558e+00;7.178206255270415781e+00;3.560000000000000053e+00
3.400000000000002576e+00;7.712937536983606179e+00;3.589999999999999858e+00
3.420000000000002593e+00;7.999983035321093006e+00;3.549999999999999822e+00
3.440000000000002611e+00;7.705455685900877150e+00;3.509999999999999787e+00
3.460000000000002629e+00;7.171945331265995094e+00;3.509999999999999787e+00
3.480000000000002647e+00;7.020023299509547954e+00;3.549999999999999822e+00
3.500000000000002665e+00;7.426403043696982564e+00;3.569999999999999840e+00
3.520000000000002682e+00;7.918389675398024963e+00;3.549999999999999822e+00
3.540000000000002700e+00;7.923711644892307504e+00;3.500000000000000000e+00
3.560000000000002718e+00;7.436178516233374225e+00;3.479999999999999982e+00
3.580000000000002736e+00;7.022881590485690495e+00;3.509999999999999787e+00
3.600000000000002753e+00;7.164561719030785980e+00;3.540000000000000036e+00
3.620000000000002771e+00;7.696418678645622791e+00;3.609999999999999876e+00
3.640000000000002789e+00;7.999804345790747284e+00;3.569999999999999840e+00
3.660000000000002807e+00;7.721825014188407721e+00;3.529999999999999805e+00
3.680000000000002824e+00;7.185822117601317061e+00;3.509999999999999787e+00
3.700000000000002842e+00;7.015266271936153153e+00;3.560000000000000053e+00
3.720000000000002860e+00;7.408545506101759770e+00;3.580000000000000071e+00
3.740000000000002878e+00;7.908203250535183138e+00;3.600000000000000089e+00
3.760000000000002895e+00;7.933045031012474269e+00;3.529999999999999805e+00
3.780000000000002913e+00;7.454175257093706541e+00;3.500000000000000000e+00
3.800000000000002931e+00;7.028608144159550264e+00;3.520000000000000018e+00
3.820000000000002949e+00;7.151357043257400292e+00;3.540000000000000036e+00
3.840000000000002967e+00;7.679642256348872209e+00;3.569999999999999840e+00
3.860000000000002984e+00;7.998970262451635449e+00;3.549999999999999822e+00
3.880000000000003002e+00;7.737903463170560769e+00;3.520000000000000018e+00
3.900000000000003020e+00;7.200110885626493484e+00;3.529999999999999805e+00
3.920000000000003038e+00;7.011144876059337783e+00;3.549999999999999822e+00
3.940000000000003055e+00;7.390807892852112815e+00;3.580000000000000071e+00
3.960000000000003073e+00;7.897481548447619737e+00;3.580000000000000071e+00
3.980000000000003091e+00;7.941810564862783473e+00;3.540000000000000036e+00
4.000000000000002665e+00;7.472232087973346815e+00;3.520000000000000018e+00
4.020000000000002238e+00;7.034952834323064508e+00;3.569999999999999840e+00
4.040000000000001812e+00;7.138609543251378753e+00;3.600000000000000089e+00
4.060000000000001386e+00;7.662630269028338326e+00;3.589999999999999858e+00
4.080000000000000959e+00;7.997481879037857233e+00;3.560000000000000053e+00
4.100000000000000533e+00;7.753669949165278297e+00;3.509999999999999787e+00
4.120000000000000107e+00;7.214792898469430504e+00;3.509999999999999787e+00
4.139999999999999680e+00;7.007664516268568455e+00;3.540000000000000036e+00
4.159999999999999254e+00;7.373213463293430969e+00;3.580000000000000071e+00
4.179999999999998828e+00;7.886238628511222259e+00;3.580000000000000071e+00
4.199999999999998401e+00;7.949996752192204141e+00;3.529999999999999805e+00
4.219999999999997975e+00;7.490325330936590476e+00;3.490000000000000213e+00
4.239999999999997549e+00;7.041907341179321378e+00;3.520000000000000018e+00
4.259999999999997122e+00;7.126335934818920137e+00;3.560000000000000053e+00
4.279999999999996696e+00;7.645405024515590675e+00;3.589999999999999858e+00
4.299999999999996270e+00;7.995341147267686743e+00;3.560000000000000053e+00
4.319999999999995843e+00;7.769103797567799674e+00;3.509999999999999787e+00
4.339999999999995417e+00;7.229848903595815557e+00;3.500000000000000000e+00
4.359999999999994991e+00;7.004829756362215498e+00;3.540000000000000036e+00
4.379999999999994564e+00;7.355785289014225015e+00;3.589999999999999858e+00
4.399999999999994138e+00;7.874489233575227232e+00;3.600000000000000089e+00
4.419999999999993712e+00;7.957592858447229744e+00;3.560000000000000053e+00
4.439999999999993285e+00;7.508431260300542753e+00;3.529999999999999805e+00
4.459999999999992859e+00;7.049462545278331049e+00;3.549999999999999822e+00
4.479999999999992433e+00;7.114552312351850816e+00;3.609999999999999876e+00
4.499999999999992006e+00;7.627989110286516272e+00;3.580000000000000071e+00
4.519999999999991580e+00;7.992550874284278351e+00;3.540000000000000036e+00
4.539999999999991154e+00;7.784184769961285610e+00;3.500000000000000000e+00
4.559999999999990727e+00;7.245259158054976112e+00;3.500000000000000000e+00
4.579999999999990301e+00;7.002644313563043177e+00;3.540000000000000036e+00
4.599999999999989875e+00;7.338546223592332218e+00;3.589999999999999858e+00
4.619999999999989448e+00;7.862248770629917338e+00;3.580000000000000071e+00
4.639999999999989022e+00;7.964588922848102825e+00;3.520000000000000018e+00
4.659999999999988596e+00;7.526526133746618719e+00;3.490000000000000213e+00
4.679999999999988169e+00;7.057608539475364040e+00;3.509999999999999787e+00
4.699999999999987743e+00;7.103274127723038234e+00;3.560000000000000053e+00
4.719999999999987317e+00;7.610405363842341231e+00;3.580000000000000071e+00
4.739999999999986890e+00;7.989114718974661855e+00;3.549999999999999822e+00
4.759999999999986464e+00;7.798893090655467653e+00;3.500000000000000000e+00
4.779999999999986038e+00;7.261003454368827548e+00;3.500000000000000000e+00
4.799999999999985612e+00;7.001111053643813698e+00;3.580000000000000071e+00
4.819999999999985185e+00;7.321518872627008179e+00;3.640000000000000124e+00
4.839999999999984759e+00;7.849533290603416980e+00;3.600000000000000089e+00
4.859999999999984333e+00;7.970975771450393488e+00;3.580000000000000071e+00
4.879999999999983906e+00;7.544586223453868534e+00;3.560000000000000053e+00
4.899999999999983480e+00;7.066334641922195736e+00;3.540000000000000036e+00
4.919999999999983054e+00;7.092516170024338429e+00;3.580000000000000071e+00
4.939999999999982627e+00;7.592676842762798195e+00;3.580000000000000071e+00
4.959999999999982201e+00;7.985037187171839079e+00;3.569999999999999840e+00
4.979999999999981775e+00;7.813209472618527940e+00;3.520000000000000018e+00
4.999999999999981348e+00;7.277061147029955102e+00;3.509999999999999787e+00
5.019999999999980922e+00;7.000231987169393655e+00;3.529999999999999805e+00
5.039999999999980496e+00;7.304725564096182566e+00;3.560000000000000053e+00
5.059999999999980069e+00;7.836359467314100158e+00;3.600000000000000089e+00
5.079999999999979643e+00;7.976745029174799662e+00;3.540000000000000036e+00
5.099999999999979217e+00;7.562587847213285031e+00;3.520000000000000018e+00
5.119999999999978790e+00;7.075629410074226300e+00;3.540000000000000036e+00
5.139999999999978364e+00;7.082292546173647452e+00;3.600000000000000089e+00
5.159999999999977938e+00;7.574826794470708613e+00;3.609999999999999876e+00
5.179999999999977511e+00;7.980323625746283511e+00;3.600000000000000089e+00
5.199999999999977085e+00;7.827115142768195533e+00;3.540000000000000036e+00
5.219999999999976659e+00;7.293411179574079028e+00;3.529999999999999805e+00
5.239999999999976232e+00;7.000008266860302086e+00;3.549999999999999822e+00
5.259999999999975806e+00;7.288188319077768540e+00;3.580000000000000071e+00
5.279999999999975380e+00;7.822744575606203732e+00;3.580000000000000071e+00
5.299999999999974953e+00;7.981889130789394216e+00;3.549999999999999822e+00
5.319999999999974527e+00;7.580507399482301345e+00;3.509999999999999787e+00
5.339999999999974101e+00;7.085480655695094221e+00;3.520000000000000018e+00
5.359999999999973674e+00;7.072616662416494115e+00;3.560000000000000053e+00
5.379999999999973248e+00;7.556878625747616596e+00;3.589999999999999858e+00
5.399999999999972822e+00;7.974980215594582589e+00;3.569999999999999840e+00
5.419999999999972395e+00;7.840591866588906278e+00;3.520000000000000018e+00
5.439999999999971969e+00;7.310032112191416687e+00;3.509999999999999787e+00
5.459999999999971543e+00;7.000440186081146265e+00;3.540000000000000036e+00
5.479999999999971116e+00;7.271928822873404918e+00;3.580000000000000071e+00
5.499999999999970690e+00;7.808706468697305780e+00;3.600000000000000089e+00
5.519999999999970264e+00;7.986401330829921541e+00;3.560000000000000053e+00
5.539999999999969837e+00;7.598321382338756536e+00;3.540000000000000036e+00
5.559999999999969411e+00;7.095875460839122795e+00;3.549999999999999822e+00
5.579999999999968985e+00;7.063501206746412464e+00;3.580000000000000071e+00
5.599999999999968558e+00;7.538855872040460149e+00;3.589999999999999858e+00
5.619999999999968132e+00;7.969013963534425038e+00;3.569999999999999840e+00
5.639999999999967706e+00;7.853621972042732935e+00;3.520000000000000018e+00
5.659999999999967280e+00;7.326902149840719858e+00;3.509999999999999787e+00
5.679999999999966853e+00;7.001527178455932088e+00;3.529999999999999805e+00
5.699999999999966427e+00;7.255968396572505696e+00;3.589999999999999858e+00
5.719999999999966001e+00;7.794263554767392854e+00;3.600000000000000089e+00
5.739999999999965574e+00;7.990275712445126466e+00;3.540000000000000036e+00
5.759999999999965148e+00;7.616006436293739412e+00;3.509999999999999787e+00
5.779999999999964722e+00;7.106800194790627856e+00;3.529999999999999805e+00
5.799999999999964295e+00;7.054958132267173276e+00;3.569999999999999840e+00
5.819999999999963869e+00;7.520782166599522256e+00;3.609999999999999876e+00
5.839999999999963443e+00;7.962432693116555882e+00;3.589999999999999858e+00
5.859999999999963016e+00;7.866188372742744406e+00;3.549999999999999822e+00
5.879999999999962590e+00;7.343999170829123457e+00;3.549999999999999822e+00
5.899999999999962164e+00;7.003267818610752649e+00;3.600000000000000089e+00
5.919999999999961737e+00;7.240327969093899085e+00;3.640000000000000124e+00
5.939999999999961311e+00;7.779434772820195576e+00;3.629999999999999893e+00
5.959999999999960885e+00;7.993507195155527434e+00;3.589999999999999858e+00
5.979999999999960458e+00;7.633539370922901135e+00;3.540000000000000036e+00
5.999999999999960032e+00;7.118240531937887638e+00;3.549999999999999822e+00
6.019999999999959606e+00;7.046998641518669615e+00;3.569999999999999840e+00
6.039999999999959179e+00;7.502681209488131664e+00;3.609999999999999876e+00
6.059999999999958753e+00;7.955245034365748147e+00;3.589999999999999858e+00
6.079999999999958327e+00;7.878274590358397944e+00;3.540000000000000036e+00
6.099999999999957900e+00;7.361300755820346708e+00;3.520000000000000018e+00
6.119999999999957474e+00;7.005659824042884232e+00;3.560000000000000053e+00
6.139999999999957048e+00;7.225028049741720082e+00;3.589999999999999858e+00
6.159999999999956621e+00;7.764239567848463253e+00;3.589999999999999858e+00
6.179999999999956195e+00;7.996091541515454537e+00;3.580000000000000071e+00
6.199999999999955769e+00;7.650897195276078477e+00;3.569999999999999840e+00
6.219999999999955342e+00;7.130181470558330403e+00;3.569999999999999840e+00
6.239999999999954916e+00;7.039633171787012422e+00;3.580000000000000071e+00
6.259999999999954490e+00;7.484576736504754635e+00;3.589999999999999858e+00
6.279999999999954063e+00;7.947460412464244506e+00;3.580000000000000071e+00
6.299999999999953637e+00;7.889864776223582510e+00;3.529999999999999805e+00
6.319999999999953211e+00;7.378784217233175902e+00;3.520000000000000018e+00
6.339999999999952784e+00;7.008700058113833009e+00;3.549999999999999822e+00
6.359999999999952358e+00;7.210088701311545556e+00;3.589999999999999858e+00
6.379999999999951932e+00;7.748697865335728352e+00;3.589999999999999858e+00
6.399999999999951505e+00;7.998025362669610061e+00;3.540000000000000036e+00
6.419999999999951079e+00;7.668057148025344105e+00;3.509999999999999787e+00
6.439999999999950653e+00;7.142607352490299100e+00;3.520000000000000018e+00
6.459999999999950226e+00;7.032871381418115853e+00;3.569999999999999840e+00
6.479999999999949800e+00;7.466492488058220189e+00;3.620000000000000107e+00
6.499999999999949374e+00;7.939089035392509430e+00;3.600000000000000089e+00
6.519999999999948948e+00;7.900943732118990148e+00;3.560000000000000053e+00
6.539999999999948521e+00;7.396426628991713770e+00;3.540000000000000036e+00
6.559999999999948095e+00;7.012384534162410255e+00;3.560000000000000053e+00
6.579999999999947669e+00;7.195529513782035202e+00;3.609999999999999876e+00
6.599999999999947242e+00;7.732830045128005203e+00;3.589999999999999858e+00
6.619999999999946816e+00;7.999306122796884466e+00;3.560000000000000053e+00
6.639999999999946390e+00;7.684996727311948383e+00;3.540000000000000036e+00
6.659999999999945963e+00;7.155501883665615459e+00;3.540000000000000036e+00
6.679999999999945537e+00;7.026722137152699332e+00;3.569999999999999840e+00
6.699999999999945111e+00;7.448452178036908400e+00;3.580000000000000071e+00
6.719999999999944684e+00;7.930141880543495780e+00;3.569999999999999840e+00
6.739999999999944258e+00;7.911496930201550981e+00;3.520000000000000018e+00
6.759999999999943832e+00;7.414204856588355597e+00;3.509999999999999787e+00
6.779999999999943405e+00;7.016708420732443940e+00;3.529999999999999805e+00
6.799999999999942979e+00;7.181369578626578765e+00;3.569999999999999840e+00
6.819999999999942553e+00;7.716656914709683512e+00;3.629999999999999893e+00
6.839999999999942126e+00;7.999932142435573823e+00;3.560000000000000053e+00
6.859999999999941700e+00;7.701693720253030229e+00;3.520000000000000018e+00
6.879999999999941274e+00;7.168848155475998851e+00;3.520000000000000018e+00
6.899999999999940847e+00;7.021193502499320616e+00;3.560000000000000053e+00
6.919999999999940421e+00;7.430479462712711758e+00;3.600000000000000089e+00
6.939999999999939995e+00;7.920630680327983342e+00;3.589999999999999858e+00
6.959999999999939568e+00;7.921510532054803377e+00;3.540000000000000036e+00
6.979999999999939142e+00;7.432095587420089799e+00;3.500000000000000000e+00
6.999999999999938716e+00;7.021666047908273534e+00;3.540000000000000036e+00
7.019999999999938289e+00;7.167627463778631025e+00;3.589999999999999858e+00
7.039999999999937863e+00;7.700199681918657113e+00;3.600000000000000089e+00
7.059999999999937437e+00;7.999902600685661724e+00;3.589999999999999858e+00
7.079999999999937010e+00;7.718126232069378645e+00;3.580000000000000071e+00
7.099999999999936584e+00;7.182628666945341855e+00;3.560000000000000053e+00
7.119999999999936158e+00;7.016292727160694298e+00;3.569999999999999840e+00
7.139999999999935731e+00;7.412597909720542333e+00;3.589999999999999858e+00
7.159999999999935305e+00;7.910567906789858661e+00;3.580000000000000071e+00
7.179999999999934879e+00;7.930971406835107373e+00;3.529999999999999805e+00
7.199999999999934452e+00;7.450075361358326376e+00;3.509999999999999787e+00
7.219999999999934026e+00;7.027250914749785693e+00;3.529999999999999805e+00
7.239999999999933600e+00;7.154321189283569637e+00;3.580000000000000071e+00
7.259999999999933173e+00;7.683479927136684928e+00;3.600000000000000089e+00
7.279999999999932747e+00;7.999217536285267549e+00;3.549999999999999822e+00
7.299999999999932321e+00;7.734272714796281534e+00;3.520000000000000018e+00
7.319999999999931894e+00;7.196825347678749374e+00;3.529999999999999805e+00
7.339999999999931468e+00;7.012026237527202888e+00;3.580000000000000071e+00
7.359999999999931042e+00;7.394830967154082835e+00;3.600000000000000089e+00
7.379999999999930616e+00;7.899966755251377926e+00;3.589999999999999858e+00
7.399999999999930189e+00;7.939867148490702853e+00;3.580000000000000071e+00
7.419999999999929763e+00;7.468120601511958334e+00;3.569999999999999840e+00
7.439999999999929337e+00;7.033455697816733299e+00;3.569999999999999840e+00
7.459999999999928910e+00;7.141468203668834391e+00;3.609999999999999876e+00
7.479999999999928484e+00;7.666519574989958841e+00;3.609999999999999876e+00
7.499999999999928058e+00;7.997877847559866638e+00;3.560000000000000053e+00
7.519999999999927631e+00;7.750111995538380150e+00;3.540000000000000036e+00
7.539999999999927205e+00;7.211419581558446978e+00;3.529999999999999805e+00
7.559999999999926779e+00;7.008399628249711633e+00;3.569999999999999840e+00
7.579999999999926352e+00;7.377201932818497454e+00;3.589999999999999858e+00
7.599999999999925926e+00;7.888841127010811860e+00;3.589999999999999858e+00
7.619999999999925500e+00;7.948186092028723948e+00;3.540000000000000036e+00
7.639999999999925073e+00;7.486207645144889788e+00;3.500000000000000000e+00
7.659999999999924647e+00;7.040272260772618473e+00;3.509999999999999787e+00
7.679999999999924221e+00;7.129085361064456450e+00;3.560000000000000053e+00
7.699999999999923794e+00;7.649340865601226724e+00;3.580000000000000071e+00
7.719999999999923368e+00;7.995885291244214876e+00;3.549999999999999822e+00
7.739999999999922942e+00;7.765623304235517388e+00;3.529999999999999805e+00
7.759999999999922515e+00;7.226392231154185275e+00;3.560000000000000053e+00
7.779999999999922089e+00;7.005417654903768110e+00;3.600000000000000089e+00
7.799999999999921663e+00;7.359733923678905221e+00;3.620000000000000107e+00
7.819999999999921236e+00;7.877205611112453099e+00;3.620000000000000107e+00
7.839999999999920810e+00;7.955917328812160960e+00;3.569999999999999840e+00
7.859999999999920384e+00;7.504312774702957434e+00;3.520000000000000018e+00
7.879999999999919957e+00;7.047691665053582355e+00;3.540000000000000036e+00
7.899999999999919531e+00;7.117188899100783672e+00;3.580000000000000071e+00
7.919999999999919105e+00;7.631966325425270981e+00;3.600000000000000089e+00
7.939999999999918678e+00;7.993242480178910370e+00;3.549999999999999822e+00
7.959999999999918252e+00;7.780786300897487351e+00;3.509999999999999787e+00
7.979999999999917826e+00;7.241723662819821605e+00;3.500000000000000000e+00
7.999999999999917399e+00;7.003084227753279656e+00;3.540000000000000036e+00
8.019999999999917861e+00;7.342449845549070986e+00;3.600000000000000089e+00
8.039999999999917435e+00;7.865075465216604833e+00;3.620000000000000107e+00
8.059999999999917009e+00;7.963050720864711884e+00;3.589999999999999858e+00
8.079999999999916582e+00;7.522412248915908428e+00;3.569999999999999840e+00
8.099999999999916156e+00;7.055704181589135260e+00;3.569999999999999840e+00
8.119999999999915730e+00;7.105794417616918324e+00;3.589999999999999858e+00
8.139999999999915303e+00;7.614418737709061524e+00;3.589999999999999858e+00
8.159999999999914877e+00;7.989952879884149262e+00;3.569999999999999840e+00
8.179999999999914451e+00;7.795581102275144225e+00;3.529999999999999805e+00
8.199999999999914024e+00;7.257393772438058832e+00;3.520000000000000018e+00
8.219999999999913598e+00;7.001402406622913688e+00;3.569999999999999840e+00
8.239999999999913172e+00;7.325372363053873848e+00;3.600000000000000089e+00
8.259999999999912745e+00;7.852466595592848542e+00;3.600000000000000089e+00
8.279999999999912319e+00;7.969576914164251846e+00;3.569999999999999840e+00
8.299999999999911893e+00;7.540482333930259351e+00;3.560000000000000053e+00
8.319999999999911466e+00;7.064299303560184207e+00;3.589999999999999858e+00
8.339999999999911040e+00;7.094916858205174925e+00;3.589999999999999858e+00
8.359999999999910614e+00;7.596721112616918958e+00;3.600000000000000089e+00
8.379999999999910187e+00;7.986020804015177887e+00;3.569999999999999840e+00
8.399999999999909761e+00;7.809988307934128571e+00;3.520000000000000018e+00
8.419999999999909335e+00;7.273382011782168810e+00;3.509999999999999787e+00
8.439999999999908908e+00;7.000374396885946204e+00;3.549999999999999822e+00
8.459999999999908482e+00;7.308523869908318815e+00;3.600000000000000089e+00
8.479999999999908056e+00;7.839395536261593911e+00;3.580000000000000071e+00
8.499999999999907629e+00;7.975487350908486484e+00;3.540000000000000036e+00
8.519999999999907203e+00;7.558499334430600847e+00;3.520000000000000018e+00
8.539999999999906777e+00;7.073465760177120032e+00;3.549999999999999822e+00
8.559999999999906350e+00;7.084570484617518815e+00;3.589999999999999858e+00
8.579999999999905924e+00;7.578896657058170838e+00;3.640000000000000124e+00
8.599999999999905498e+00;7.981451408705871664e+00;3.600000000000000089e+00
8.619999999999905071e+00;7.823989025695367694e+00;3.560000000000000053e+00
8.639999999999904645e+00;7.289667415461645206e+00;3.549999999999999822e+00
8.659999999999904219e+00;7.000001546572356403e+00;3.560000000000000053e+00
8.679999999999903793e+00;7.291926459553531359e+00;3.589999999999999858e+00
8.699999999999903366e+00;7.825879427312310455e+00;3.589999999999999858e+00
8.719999999999902940e+00;7.980774280737212401e+00;3.549999999999999822e+00
8.739999999999902514e+00;7.576439624710380905e+00;3.520000000000000018e+00
8.759999999999902087e+00;7.083191531458842505e+00;3.540000000000000036e+00
8.779999999999901661e+00;7.074768864061016238e+00;3.569999999999999840e+00
8.799999999999901235e+00;7.560968744255045060e+00;3.600000000000000089e+00
8.819999999999900808e+00;7.976250685807773522e+00;3.609999999999999876e+00
8.839999999999900382e+00;7.837564896407626769e+00;3.549999999999999822e+00
8.859999999999899956e+00;7.306228628414982218e+00;3.540000000000000036e+00
8.879999999999899529e+00;7.000284344601022113e+00;3.589999999999999858e+00
8.899999999999899103e+00;7.275601896186427275e+00;3.600000000000000089e+00
8.919999999999898677e+00;7.811935992428318265e+00;3.589999999999999858e+00
8.939999999999898250e+00;7.985430770895584729e+00;3.549999999999999822e+00
8.959999999999897824e+00;7.594279679653221038e+00;3.529999999999999805e+00
8.979999999999897398e+00;7.093463863994045049e+00;3.560000000000000053e+00
8.999999999999896971e+00;7.065524849407736951e+00;3.609999999999999876e+00
9.019999999999896545e+00;7.542960883092429292e+00;3.629999999999999893e+00
9.039999999999896119e+00;7.970425455032826179e+00;3.620000000000000107e+00
9.059999999999895692e+00;7.850698118021232297e+00;3.540000000000000036e+00
9.079999999999895266e+00;7.323043933911795200e+00;3.509999999999999787e+00
9.099999999999894840e+00;7.001222420138661029e+00;3.569999999999999840e+00
9.119999999999894413e+00;7.259571586219438544e+00;3.589999999999999858e+00
9.139999999999893987e+00;7.797583515646439700e+00;3.580000000000000071e+00
9.159999999999893561e+00;7.989450715324704966e+00;3.560000000000000053e+00
9.179999999999893134e+00;7.611996105582315764e+00;3.549999999999999822e+00
9.199999999999892708e+00;7.104269287665188060e+00;3.540000000000000036e+00
9.219999999999892282e+00;7.056850562341193900e+00;3.589999999999999858e+00
9.239999999999891855e+00;7.524896687291546371e+00;3.580000000000000071e+00
9.259999999999891429e+00;7.963983355010336496e+00;3.569999999999999840e+00
9.279999999999891003e+00;7.863371468932642827e+00;3.529999999999999805e+00
9.299999999999890576e+00;7.340091282029120201e+00;3.520000000000000018e+00
9.319999999999890150e+00;7.002814543086174126e+00;3.549999999999999822e+00
9.339999999999889724e+00;7.243856550209481604e+00;3.589999999999999858e+00
9.359999999999889297e+00;7.782840817380482612e+00;3.580000000000000071e+00
9.379999999999888871e+00;7.992828842668339817e+00;3.560000000000000053e+00
9.399999999999888445e+00;7.629565670935664734e+00;3.540000000000000036e+00
9.419999999999888018e+00;7.115593633312462529e+00;3.560000000000000053e+00
9.439999999999887592e+00;7.048757377460638907e+00;3.620000000000000107e+00
9.459999999999887166e+00;7.506799844446180536e+00;3.609999999999999876e+00
9.479999999999886739e+00;7.956932833270648153e+00;3.589999999999999858e+00
9.499999999999886313e+00;7.875568330567758402e+00;3.549999999999999822e+00
9.519999999999885887e+00;7.357348318566310219e+00;3.520000000000000018e+00
9.539999999999885461e+00;7.005058625691545693e+00;3.540000000000000036e+00
9.559999999999885034e+00;7.228477395294532037e+00;3.580000000000000071e+00
9.579999999999884608e+00;7.767727229741246298e+00;3.580000000000000071e+00
9.599999999999884182e+00;7.995560723185542784e+00;3.560000000000000053e+00
9.619999999999883755e+00;7.646965336728761109e+00;3.549999999999999822e+00
9.639999999999883329e+00;7.127422051313335949e+00;3.560000000000000053e+00
9.659999999999882903e+00;7.041255907365172817e+00;3.600000000000000089e+00
9.679999999999882476e+00;7.488694084960210162e+00;3.609999999999999876e+00
9.699999999999882050e+00;7.949283135168295544e+00;3.609999999999999876e+00
9.719999999999881624e+00;7.887272709173172913e+00;3.529999999999999805e+00
9.739999999999881197e+00;7.374792414359001569e+00;3.500000000000000000e+00
9.759999999999880771e+00;7.007951725287512978e+00;3.540000000000000036e+00
9.779999999999880345e+00;7.213454288172218121e+00;3.580000000000000071e+00
9.799999999999879918e+00;7.752262571187000795e+00;3.580000000000000071e+00
9.819999999999879492e+00;7.997642774559460044e+00;3.549999999999999822e+00
9.839999999999879066e+00;7.664172286766536502e+00;3.560000000000000053e+00
9.859999999999878639e+00;7.139739031054248564e+00;3.569999999999999840e+00
9.879999999999878213e+00;7.034355988737921450e+00;3.609999999999999876e+00
9.899999999999877787e+00;7.470603150929004954e+00;3.609999999999999876e+00
9.919999999999877360e+00;7.941044291758278639e+00;3.600000000000000089e+00
9.939999999999876934e+00;7.898469256788240855e+00;3.529999999999999805e+00
9.959999999999876508e+00;7.392400694951905216e+00;3.509999999999999787e+00
9.979999999999876081e+00;7.011490048150482046e+00;3.540000000000000036e+00
